<?xml version="1.0" encoding="utf-8"?>
<window type="dialog">
    <allowoverlay>no</allowoverlay>
    <defaultcontrol always="false">4000</defaultcontrol>
    <coordinates>
        <system>1</system>
        <posx>0</posx>
        <posy>0</posy>
    </coordinates>

    <controls>

        <control type="image">
            <posx>0</posx>
            <posy>0</posy>
            <width>1280</width>
            <height>720</height>
            <texture>background.png</texture>
            <visible>true</visible>
        </control>

        <control type="image">
            <description>category background</description>
            <posx>10</posx>
            <posy>10</posy>
            <width>220</width>
            <height>700</height>
            <texture>black-back.png</texture>
            <visible>true</visible>
        </control>

        <control type="image">
            <description>top buttons mount</description>
            <posx>275</posx>
            <posy>10</posy>
            <width>220</width>
            <height>700</height>
            <texture>black-back.png</texture>
            <visible>true</visible>
        </control>

        <control type="button" id="80003">
            <description>add category</description>
            <posx>20</posx>
            <posy>20</posy>
            <width>200</width>
            <height>40</height>
            <texturefocus>tvg-program-focus.png</texturefocus>
            <texturenofocus>tvg-program-nofocus.png</texturenofocus>
            <onup>-</onup>
            <ondown>7004</ondown>
            <onright>4007</onright>
            <align>center</align>
            <aligny>center</aligny>
            <font>font13</font>
            <textcolor>white</textcolor>
            <focusedcolor>white</focusedcolor>
            <label>Add Category</label>
            <visible>true</visible>
        </control>

        <control type="list" id="7004">
            <description>categories</description>
            <left>20</left>
            <top>65</top>
            <width>1280</width>
            <height>625</height>
            <visible>true</visible>
            <onup>80003</onup>
            <ondown>4007</ondown>
            <onleft>1</onleft>
            <onright>4007</onright>
            <viewtype label="3D list">list</viewtype>
            <orientation>vertical</orientation>

            <itemlayout width="200" height="45">
                <control type="image">
                    <posx>0</posx>
                    <posy>0</posy>
                    <width>200</width>
                    <height>40</height>
                    <texture>tvg-program-nofocus.png</texture>
                    <visible>true</visible>
                </control>
                <control type="label">
                    <left>0</left>
                    <top>0</top>
                    <width>200</width>
                    <height>40</height>
                    <font>font13</font>
                    <align>center</align>
                    <aligny>center</aligny>
                    <textcolor>white</textcolor>
                    <selectedcolor>red</selectedcolor>
                    <align>left</align>
                    <info>ListItem.Label</info>
                </control>
            </itemlayout>
            <focusedlayout height="45" width="200">
                <control type="image">
                    <posx>0</posx>
                    <posy>0</posy>
                    <width>200</width>
                    <height>40</height>
                    <texture>tvg-program-focus.png</texture>
                    <visible>true</visible>
                </control>
                <control type="image">
                    <posx>0</posx>
                    <posy>0</posy>
                    <width>200</width>
                    <height>40</height>
                    <texture>tvg-program-focus.png</texture>
                    <visible>Control.HasFocus(7004)</visible>
                </control>
                <control type="label">
                    <left>0</left>
                    <top>0</top>
                    <width>200</width>
                    <height>40</height>
                    <font>font13</font>
                    <align>center</align>
                    <aligny>center</aligny>
                    <textcolor>white</textcolor>
                    <selectedcolor>red</selectedcolor>
                    <align>left</align>
                    <info>ListItem.Label</info>
                </control>
                <control type="label">
                    <left>0</left>
                    <top>0</top>
                    <width>200</width>
                    <height>40</height>
                    <font>font13</font>
                    <align>center</align>
                    <aligny>center</aligny>
                    <textcolor>white</textcolor>
                    <selectedcolor>red</selectedcolor>
                    <align>left</align>
                    <info>ListItem.Label</info>
                    <visible>Control.HasFocus(7004)</visible>
                </control>
            </focusedlayout>
        </control>

        <control type="image">
            <description>program background</description>
            <posx>540</posx>
            <posy>10</posy>
            <width>730</width>
            <height>700</height>
            <texture>black-back.png</texture>
            <visible>true</visible>
        </control>
        <control type="image" id="7002">
            <description>program image</description>
            <posx>555</posx>
            <posy>428</posy>
            <width>700</width>
            <height>260</height>
            <align>left</align>
            <aligny>top</aligny>
            <aspectratio>keep</aspectratio>
            <texture>-</texture>
            <visible>!Player.HasMedia</visible>
        </control>
        <control type="videowindow">
            <description>program image</description>
            <posx>555</posx>
            <posy>428</posy>
            <width>700</width>
            <height>260</height>
            <align>left</align>
            <aligny>top</aligny>
            <aspectratio>keep</aspectratio>
        </control>
        <control type="label" id="7001">
            <description>program title</description>
            <posx>550</posx>
            <posy>50</posy>
            <width>710</width>
            <height>50</height>
            <textcolor>white</textcolor>
            <font>font13_title</font>
            <align>left</align>
            <aligny>top</aligny>
            <label/>
        </control>
        <control type="label" id="7003">
            <description>program date and time</description>
            <posx>1260</posx>
            <posy>50</posy>
            <width>710</width>
            <height>50</height>
            <textcolor>white</textcolor>
            <font>font13_title</font>
            <align>right</align>
            <aligny>top</aligny>
            <label></label>
        </control>

        <control type="label" id="7000">
            <description>program description</description>
            <posx>550</posx>
            <posy>80</posy>
            <width>710</width>
            <height>300</height>
            <textcolor>white</textcolor>
            <font>font13</font>
            <align>left</align>
            <aligny>top</aligny>
            <wrapmultiline>true</wrapmultiline>
            <autoscroll time="3600" delay="6000" repeat="6000">true</autoscroll>
            <label/>
        </control>

        <control type="label" id="4101">
            <description>channel title</description>
            <posx>550</posx>
            <posy>10</posy>
            <width>240</width>
            <height>50</height>
            <align>left</align>
            <aligny>center</aligny>
            <font>font13_title</font>
            <textcolor>white</textcolor>
            <visible>true</visible>
            <label>-</label>
        </control>
        <control type="image" id="4100">
            <description>channel logo</description>
            <posx>285</posx>
            <posy>655</posy>
            <width>200</width>
            <height>45</height>
            <!--<posx>188r</posx>
            <posy>12</posy>
            <width>176</width>
            <height>40</height>-->
            <align>center</align>
            <aligny>bottom</aligny>
            <aspectratio>keep</aspectratio>
            <visible>true</visible>
        </control>

        <control type="button" id="4015">
            <description>touch close</description>
            <posx>0</posx>
            <posy>0</posy>
            <width>1280</width>
            <height>720</height>
            <texturefocus></texturefocus>
            <texturenofocus></texturenofocus>
            <onup></onup>
            <ondown></ondown>
            <onleft></onleft>
            <align>center</align>
            <aligny>center</aligny>
            <font>font13</font>
            <textcolor>white</textcolor>
            <focusedcolor>white</focusedcolor>
            <label></label>
            <visible>true</visible>
        </control>

        <control type="button" id="9991">
            <!-- iStream Movies -->
            <posx>285</posx>
            <posy>20</posy>
            <width>200</width>
            <height>40</height>
            <texturefocus>tvg-program-focus.png</texturefocus>
            <texturenofocus>tvg-program-nofocus.png</texturenofocus>
            <onup>7004</onup>
            <ondown>9992</ondown>
            <onleft>7004</onleft>
            <align>center</align>
            <aligny>center</aligny>
            <font>font13</font>
            <textcolor>white</textcolor>
            <focusedcolor>white</focusedcolor>
			<onclick>ActivateWindow(10025,&quot;plugin://script.icechannel/?favorite=false&amp;indexer=movies&amp;indexer_id=IMDb&amp;istream_path=%20%3a%20Movies%20%3a%20Most%20Popular&amp;item_mode=section&amp;mode=section&amp;section=moviemeter&amp;title=Most%20Popular&amp;type=movies&amp;url=http%3a%2f%2fwww.imdb.com%2fsearch%2ftitle%3fhas%3dtechnical%26moviemeter%3d%2c50000%26num_votes%3d3000%2c%26production_status%3dreleased%26title_type%3dfeature%2ctv_movie%26&quot;,return)</onclick>
            <label>iStream Movies</label>
        </control>

        <control type="button" id="9992">
            <!-- iStream TV Shows -->
            <posx>285</posx>
            <posy>65</posy>
            <width>200</width>
            <height>40</height>
            <texturefocus>tvg-program-focus.png</texturefocus>
            <texturenofocus>tvg-program-nofocus.png</texturenofocus>
            <onup>9991</onup>
            <ondown>4013</ondown>
            <onleft>7004</onleft>
            <align>center</align>
            <aligny>center</aligny>
            <font>font13</font>
            <textcolor>white</textcolor>
            <focusedcolor>white</focusedcolor>
			<onclick>ActivateWindow(10025,&quot;plugin://script.icechannel/?favorite=false&amp;indexer=tv_shows&amp;indexer_id=IMDb&amp;istream_path=%20%3a%20TV%20Shows%20%3a%20Most%20Popular&amp;item_mode=section&amp;mode=section&amp;section=moviemeter&amp;title=Most%20Popular&amp;type=tv_shows&amp;url=http%3a%2f%2fwww.imdb.com%2fsearch%2ftitle%3fhas%3dtechnical%26moviemeter%3d%2c50000%26num_votes%3d1500%2c%26title_type%3dtv_series%2cmini_series%26&quot;,return)</onclick>
            <label>iStream TV Shows</label>
        </control>

        <control type="button" id="4013">
            <description>Extended Info</description>
            <posx>285</posx>
            <posy>110</posy>
            <width>200</width>
            <height>40</height>
            <texturefocus>tvg-program-focus.png</texturefocus>
            <texturenofocus>tvg-program-nofocus.png</texturenofocus>
            <onup>9992</onup>
            <ondown>4011</ondown>
            <onleft>7004</onleft>
            <align>center</align>
            <aligny>center</aligny>
            <font>font13</font>
            <textcolor>white</textcolor>
            <focusedcolor>white</focusedcolor>
            <label>Extended Info</label>
            <visible>true</visible>
        </control>

        <control type="button" id="4011">
            <description>Lists</description>
            <posx>285</posx>
            <posy>155</posy>
            <width>200</width>
            <height>40</height>
            <texturefocus>tvg-program-focus.png</texturefocus>
            <texturenofocus>tvg-program-nofocus.png</texturenofocus>
            <onup>4013</onup>
            <ondown>4002</ondown>
            <onleft>7004</onleft>
            <align>center</align>
            <aligny>center</aligny>
            <font>font13</font>
            <textcolor>white</textcolor>
            <focusedcolor>white</focusedcolor>
            <visible>true</visible>
            <label>Lists</label>
        </control>

        <control type="button" id="4002">
            <!-- REMINDER -->
            <posx>285</posx>
            <posy>200</posy>
            <width>200</width>
            <height>40</height>
            <texturefocus>tvg-program-focus.png</texturefocus>
            <texturenofocus>tvg-program-nofocus.png</texturenofocus>
            <onup>4011</onup>
            <ondown>9993</ondown>
            <onleft>7004</onleft>
            <align>center</align>
            <aligny>center</aligny>
            <font>font13</font>
            <textcolor>white</textcolor>
            <focusedcolor>white</focusedcolor>
            <label>Remind</label>
        </control>

        <control type="button" id="9993">
            <description>autoplay</description>
            <posx>285</posx>
            <posy>245</posy>
            <width>200</width>
            <height>40</height>
            <texturefocus>tvg-program-focus.png</texturefocus>
            <texturenofocus>tvg-program-nofocus.png</texturenofocus>
            <onup>4002</onup>
            <ondown>9994</ondown>
            <onleft>7004</onleft>
            <align>center</align>
            <aligny>center</aligny>
            <font>font13</font>
            <textcolor>white</textcolor>
            <focusedcolor>white</focusedcolor>
            <label>BBC iPlayer</label>
			<onclick>RunAddon(plugin.video.bbciplayer)</onclick>
        </control>

        <control type="button" id="9994">
            <description>autoplaywith</description>
            <posx>285</posx>
            <posy>290</posy>
            <width>200</width>
            <height>40</height>
            <texturefocus>tvg-program-focus.png</texturefocus>
            <texturenofocus>tvg-program-nofocus.png</texturenofocus>
            <onup>9993</onup>
            <ondown>4001</ondown>
            <onleft>7004</onleft>
            <align>center</align>
            <aligny>center</aligny>
            <font>font13</font>
            <textcolor>white</textcolor>
            <focusedcolor>white</focusedcolor>
            <label>ITV Player</label>
			<onclick>RunAddon(plugin.video.itv)</onclick>
        </control>


        <control type="button" id="4001">
            <!-- Choose Stream -->
            <posx>285</posx>
            <posy>335</posy>
            <width>200</width>
            <height>40</height>
            <texturefocus>tvg-program-focus.png</texturefocus>
            <texturenofocus>tvg-program-nofocus.png</texturenofocus>
            <onup>9994</onup>
            <ondown>4007</ondown>
            <onleft>7004</onleft>
            <align>center</align>
            <aligny>center</aligny>
            <font>font13</font>
            <textcolor>white</textcolor>
            <focusedcolor>white</focusedcolor>
            <label>Choose Stream</label>
        </control>

        <control type="button" id="4007">
            <!-- Stream Setup -->
            <posx>285</posx>
            <posy>380</posy>
            <width>200</width>
            <height>40</height>
            <texturefocus>tvg-program-focus.png</texturefocus>
            <texturenofocus>tvg-program-nofocus.png</texturenofocus>
            <onup>4001</onup>
            <ondown>4014</ondown>
            <onleft>7004</onleft>
            <align>center</align>
            <aligny>center</aligny>
            <font>font13</font>
            <textcolor>white</textcolor>
            <focusedcolor>white</focusedcolor>
            <label>Stream Setup</label>
        </control>

        <control type="button" id="4014">
            <description>Choose Alt Stream</description>
            <posx>285</posx>
            <posy>425</posy>
            <width>200</width>
            <height>40</height>
            <texturefocus>tvg-program-focus.png</texturefocus>
            <texturenofocus>tvg-program-nofocus.png</texturenofocus>
            <onup>4007</onup>
            <ondown>4003</ondown>
            <onleft>7004</onleft>
            <align>center</align>
            <aligny>center</aligny>
            <font>font13</font>
            <textcolor>white</textcolor>
            <focusedcolor>white</focusedcolor>
            <label>Add Alt Stream</label>
            <visible>true</visible>
        </control>

        <control type="label">
            <!-- Choose Stream Text -->
            <posx>20</posx>
            <posy>425</posy>
            <width>200</width>
            <height>200</height>
            <font>font13</font>
            <textcolor>white</textcolor>
            <label>$ADDON[script.tvguide.xunity 30305]</label>
            <wrapmultiline>true</wrapmultiline>
            <visible>false</visible>
        </control>

        <control type="label" id="4102">
            <!-- Show Title -->
            <posx>20</posx>
            <posy>470</posy>
            <width>200</width>
            <height>40</height>
            <align>center</align>
            <aligny>center</aligny>
            <font>font13</font>
            <textcolor>white</textcolor>
            <visible>false</visible>
        </control>

        <control type="button" id="4003">
            <!-- CHANNELS -->
            <posx>285</posx>
            <posy>470</posy>
            <width>200</width>
            <height>40</height>
            <texturefocus>tvg-program-focus.png</texturefocus>
            <texturenofocus>tvg-program-nofocus.png</texturenofocus>
            <onup>4014</onup>
            <ondown>4000</ondown>
            <onleft>7004</onleft>
            <align>center</align>
            <aligny>center</aligny>
            <font>font13</font>
            <textcolor>white</textcolor>
            <focusedcolor>white</focusedcolor>
            <label>$ADDON[script.tvguide.xunity 30307]</label>
        </control>
        <control type="button" id="4000">
            <!-- Watch Stream -->
            <posx>285</posx>
            <posy>515</posy>
            <width>200</width>
            <height>40</height>
            <texturefocus>tvg-program-focus.png</texturefocus>
            <texturenofocus>tvg-program-nofocus.png</texturenofocus>
            <onup>4003</onup>
            <ondown>9995</ondown>
            <onleft>7004</onleft>
            <align>center</align>
            <aligny>center</aligny>
            <font>font13</font>
            <textcolor>white</textcolor>
            <focusedcolor>white</focusedcolor>
			<label>Watch Stream</label>
            <visible>true</visible>
        </control>
        <control type="button" id="9995">
            <description>Settings</description>
            <posx>285</posx>
            <posy>560</posy>
            <width>200</width>
            <height>40</height>
            <texturefocus>tvg-program-focus.png</texturefocus>
            <texturenofocus>tvg-program-nofocus.png</texturenofocus>
            <onup>4000</onup>
            <ondown>4004</ondown>
            <onleft>7004</onleft>
            <align>center</align>
            <aligny>center</aligny>
            <font>font13</font>
            <textcolor>white</textcolor>
            <focusedcolor>white</focusedcolor>
            <label>Settings</label>
			<onclick>Addon.openSettings(script.tvguide.xunity</onclick>
            <visible>true</visible>
        </control>

        <control type="button" id="4004">
            <!-- QUIT -->
            <posx>285</posx>
            <posy>605</posy>
            <width>200</width>
            <height>40</height>
            <texturefocus>tvg-program-focus.png</texturefocus>
            <texturenofocus>tvg-program-nofocus.png</texturenofocus>
            <onup>9995</onup>
            <ondown>4004</ondown>
            <onleft>7004</onleft>
            <align>center</align>
            <aligny>center</aligny>
            <font>font13</font>
            <textcolor>white</textcolor>
            <focusedcolor>white</focusedcolor>
            <label>$ADDON[script.tvguide.xunity 30308]</label>
            <visible>true</visible>
        </control>



        <control type="button" id="80000">
            <!-- MY MOVIES -->
            <posx>285</posx>
            <posy>436</posy>
            <width>200</width>
            <height>40</height>
            <texturefocus>tvg-program-focus.png</texturefocus>
            <texturenofocus>tvg-program-nofocus.png</texturenofocus>
            <onup>4002</onup>
            <ondown>80001</ondown>
            <onleft>7004</onleft>
            <align>center</align>
            <aligny>center</aligny>
            <font>font13</font>
            <textcolor>white</textcolor>
            <label>$ADDON[script.tvguide.xunity 80000]</label>
            <visible>false</visible>
        </control>

        <control type="button" id="80001">
            <!-- MY TV SHOWS -->
            <posx>285</posx>
            <posy>488</posy>
            <width>200</width>
            <height>40</height>
            <texturefocus>tvg-program-focus.png</texturefocus>
            <texturenofocus>tvg-program-nofocus.png</texturenofocus>
            <onup>80000</onup>
            <ondown>80002</ondown>
            <onleft>7004</onleft>
            <align>center</align>
            <aligny>center</aligny>
            <font>font13</font>
            <textcolor>white</textcolor>
            <focusedcolor>white</focusedcolor>
            <label>$ADDON[script.tvguide.xunity 80001]</label>
            <visible>false</visible>
        </control>

        <control type="button" id="80002">
            <!-- VIDEO ADDONS -->
            <posx>285</posx>
            <posy>540</posy>
            <width>200</width>
            <height>40</height>
            <texturefocus>tvg-program-focus.png</texturefocus>
            <texturenofocus>tvg-program-nofocus.png</texturenofocus>
            <onup>80001</onup>
            <ondown>4006</ondown>
            <onleft>7004</onleft>
            <align>center</align>
            <aligny>center</aligny>
            <font>font13</font>
            <textcolor>white</textcolor>
            <focusedcolor>white</focusedcolor>
            <label>$ADDON[script.tvguide.xunity 80002]</label>
            <visible>false</visible>
        </control>





        <control type="button" id="80004">
            <!-- QUIT -->
            <posx>285</posx>
            <posy>660</posy>
            <width>200</width>
            <height>40</height>
            <texturefocus>tvg-program-focus.png</texturefocus>
            <texturenofocus>tvg-program-nofocus.png</texturenofocus>
            <onup>4003</onup>
            <ondown>80000</ondown>
            <onleft>7004</onleft>
            <align>center</align>
            <aligny>center</aligny>
            <font>font13</font>
            <textcolor>white</textcolor>
            <focusedcolor>white</focusedcolor>
            <label>Remove Category</label>
            <visible>false</visible>
        </control>

    </controls>
</window>
