<?xml version="1.0" encoding="UTF-8" standalone="yes"?>
<addon id="repository.xunitytvguide" name="Xunity TV Guide Repository" version="1.0.0" provider-name="Encode">
	<extension point="xbmc.addon.repository" name="NoHats Repository">
		<info compressed="false">https://raw.githubusercontent.com/encodeuk/Xunity-TV-Guide/master/addons.xml</info>
		<checksum>https://raw.githubusercontent.com/encodeuk/Xunity-TV-Guide/master/addons.xml.md5</checksum>
		<datadir zip="true">https://raw.githubusercontent.com/encodeuk/Xunity-TV-Guide/master/Zips/</datadir>
	</extension>
	<extension point="xbmc.addon.metadata">
		<summary>Xunity TV Guide Repository</summary>
		<description>TV Guide for all your favourite Xunity Addons</description>
		<platform>all</platform>
	</extension>
</addon>

