<?xml version="1.0" encoding="utf-8"?>
<window type="dialog">
	<allowoverlay>no</allowoverlay>
	<defaultcontrol always="false">4000</defaultcontrol>
	<coordinates>
		<system>1</system>
		<posx>0</posx>
		<posy>0</posy>
	</coordinates>
				<animation effect="fade" start="0" end="100" time="500">WindowOpen</animation>
				<animation effect="fade" start="100" end="0" time="500">WindowClose</animation>
    <controls>
        <control type="image">
            <posx>-30</posx>
            <posy>-11</posy>
            <width>1280</width>
            <height>720</height>
            <texture>fade.png</texture>
        </control>
		<control type="image">
			<posx>220</posx>
			<posy>120</posy>
			<width>770</width>
			<height>500</height>
			<texture>background.png</texture>
		</control>
		<control type="image">
			<posx>179</posx>
			<posy>112</posy>
			<width>841</width>
			<height>513</height>
			<texture></texture>
		</control>
		<control type="image">
			<posx>585</posx>
			<posy>174</posy>
			<width>380</width>
			<height>252</height>
			<texture>logo-back.png</texture>
		</control>
		<control type="image">
			<posx>577.5</posx>
			<posy>552</posy>
			<width>125</width>
			<height>68</height>
			<texture>logo.png</texture>
		</control>
		<!-- ----------- Logo ----------- -->
        <control type="image" id="4100">
			<posx>577.5</posx>
			<posy>140</posy>
			<width>300</width>
			<height>300</height>
            <aspectratio>keep</aspectratio>
            <visible>[Control.HasFocus(4000) | Control.HasFocus(4001) | Control.HasFocus(4002)]</visible>
        </control>
		<!-- ----------- Title ----------- -->
        <control type="label" id="4101">
            <posx>604</posx>
            <posy>280</posy>
            <width>345</width>
            <height>30</height>
            <align>center</align>
            <aligny>center</aligny>
            <font>font14</font>
            <textcolor>ffffffff</textcolor>
			<visible>[Control.HasFocus(4000) | Control.HasFocus(4001) | Control.HasFocus(4002)]</visible>
        </control>
		<!-- ----------- Watch ----------- -->
        <control type="button" id="4000">
            <posx>240</posx>
            <posy>146</posy>
            <width>318</width>
            <height>30</height>
            <texturefocus>menu-grey-focus.png</texturefocus>
            <texturenofocus>menu-grey.png</texturenofocus>
            <onup>4004</onup>
            <ondown>4002</ondown>
			<onright>80003</onright>
            <align>left</align>
            <aligny>center</aligny>
            <font>font13</font>
            <textcolor>ffffffff</textcolor>
			<label>Watch</label>			
        </control>
        <control type="textbox">
            <posx>604</posx>
            <posy>420</posy>
            <width>345</width>
            <height>180</height>
			<font>font13</font>
            <textcolor>ffffffff</textcolor>
            <label>Choose this option to watch the selected channel now.</label>
            <wrapmultiline>true</wrapmultiline>
            <visible>Control.HasFocus(4000)</visible>
        </control>
		<!-- ----------- Choose Stream ----------- -->
        <control type="button" id="4001">
            <posx>240</posx>
            <posy>206</posy>
            <width>318</width>
            <height>30</height>
            <texturefocus>menu-grey-focus.png</texturefocus>
            <texturenofocus>menu-grey.png</texturenofocus>
            <onup>4002</onup>
            <ondown>99999</ondown>
			<onright>80003</onright>
            <align>left</align>
            <aligny>center</aligny>
            <font>font13</font>
            <textcolor>ffffffff</textcolor>			
            <label>$ADDON[script.tvguide.xunity 30304]</label>
        </control>
        <control type="label">
            <posx>240</posx>
            <posy>206</posy>
            <width>318</width>
            <height>30</height>
            <align>left</align>
            <font>font13</font>
            <textcolor>ffffffff</textcolor>			
            <label></label>
            <wrapmultiline>true</wrapmultiline>
        </control>
        <control type="textbox">
            <posx>604</posx>
            <posy>420</posy>
            <width>345</width>
            <height>180</height>
			<font>font13</font>
            <textcolor>ffffffff</textcolor>
            <label>Choose a stream from one of the xunity addons</label>
            <wrapmultiline>true</wrapmultiline>
            <visible>[StringCompare(Control.GetLabel(4001),Choose Stream + Control.HasFocus(4001)]</visible>
        </control>
        <control type="textbox">
            <posx>604</posx>
            <posy>420</posy>
            <width>345</width>
            <height>180</height>
			<font>font13</font>
            <textcolor>ffffffff</textcolor>
            <label>Click here to remove the stream that is currently associated with this channel.</label>
            <wrapmultiline>true</wrapmultiline>
            <visible>[StringCompare(Control.GetLabel(4001),Remove Stream file + Control.HasFocus(4001)]</visible>
        </control>
		<!-- ----------- Remind Text ----------- -->
        <control type="label" id="4102">
            <posx>613</posx>
            <posy>353</posy>
            <width>323</width>
            <height>30</height>
            <align>center</align>
            <aligny>center</aligny>
            <font>font13</font>
            <textcolor>ffffc600</textcolor>
			<scroll>true</scroll>
            <visible>false</visible>
        </control>
		<!-- ----------- Remind ----------- -->
        <control type="button" id="4002">
            <posx>240</posx>
            <posy>176</posy>
            <width>318</width>
            <height>30</height>
            <texturefocus>menu-grey-focus.png</texturefocus>
            <texturenofocus>menu-grey.png</texturenofocus>
            <onup>4000</onup>
            <ondown>4001</ondown>
			<onright>80003</onright>
            <align>left</align>
            <aligny>center</aligny>
            <font>font13</font>
            <textcolor>ffffffff</textcolor>
			 <label>Remind</label>
        </control>
        <control type="textbox">
            <posx>604</posx>
            <posy>420</posy>
            <width>345</width>
            <height>180</height>
			<font>font13</font>
            <textcolor>ffffffff</textcolor>
            <label>Click here to set a Reminder. You will be notified when this programme is about to begin.</label>
            <wrapmultiline>true</wrapmultiline>
            <visible>[StringCompare(Control.GetLabel(4002),Remind + Control.HasFocus(4002)]</visible>
        </control>
        <control type="textbox">
            <posx>604</posx>
            <posy>420</posy>
            <width>345</width>
            <height>180</height>
			<font>font13</font>
            <textcolor>ffffffff</textcolor>
            <label>Click here to remove the Reminder for this programme.</label>
            <wrapmultiline>true</wrapmultiline>
            <visible>[StringCompare(Control.GetLabel(4002),Don't Remind + Control.HasFocus(4002)]</visible>
        </control>
				<!-- ----------- Settings ----------- -->
        <control type="button" id="99999">
            <posx>240</posx>
            <posy>236</posy>
            <width>318</width>
            <height>30</height>
            <texturefocus>menu-grey-focus.png</texturefocus>
            <texturenofocus>menu-grey.png</texturenofocus>
            <onup>4001</onup>
            <ondown>4447</ondown>
			<onright>80003</onright>
            <align>left</align>
            <aligny>center</aligny>
            <font>font13</font>
            <textcolor>ffffffff</textcolor>
            <label>Settings</label>
			<onclick>Addon.openSettings(script.tvguide.xunity)</onclick>
        </control>
        <control type="textbox">
            <posx>604</posx>
            <posy>420</posy>
            <width>345</width>
            <height>180</height>
			<font>font13</font>
            <textcolor>ffffffff</textcolor>
            <label>Open the Addon Settings Menu</label>
            <wrapmultiline>true</wrapmultiline>
            <visible>Control.HasFocus(99999)</visible>
        </control>
		<control type="image">
			<posx>599</posx>
			<posy>181</posy>
			<width>352</width>
			<height>223</height>
			<texture>Setting.png</texture>
            <visible>Control.HasFocus(4007)</visible>
		</control>
		<!-- ----------- iStream On Demand  ----------- -->
        <control type="button" id="4447">
			<posx>240</posx>
			<posy>266</posy>
			<width>318</width>
			<height>30</height>
            <texturefocus>menu-grey-focus.png</texturefocus>
            <texturenofocus>menu-grey.png</texturenofocus>
            <onup>99999</onup>
            <ondown>4449</ondown>
			<onright>80003</onright>
            <align>left</align>
            <aligny>center</aligny>
            <font>font13</font>
            <textcolor>ffffffff</textcolor>
            <label>iStream On Demand Movies/Tv Shows</label>
			<onclick>ActivateWindow(10025,&quot;plugin://plugin.video.streamtvbox/?date&amp;description&amp;iconimage=http%3a%2f%2fstreamtvbox.club%2fapk%2fcat_images%2fnewmovies.png&amp;mode=12000&amp;name=%5bCOLOR%20royalblue%5d.iStream%20On%20Demand%20Movies%2fTv%20Shows%5b%2fCOLOR%5d&amp;page&amp;play&amp;url=http%3a%2f%2fxtyrepo.me%2fxunitytalk%2fplaylist%2fOSS%2520MAIN&quot;,return)</onclick>
        </control>
        <control type="textbox">
            <posx>604</posx>
            <posy>420</posy>
            <width>345</width>
            <height>180</height>
			<font>font13</font>
            <textcolor>ffffffff</textcolor>
            <label>Watch iStream Movies On Demand</label>
            <wrapmultiline>true</wrapmultiline>
            <visible>Control.HasFocus(4447)</visible>
        </control>
		<control type="image">
			<posx>599</posx>
			<posy>181</posy>
			<width>352</width>
			<height>223</height>
			<texture>istream.jpg</texture>
            <visible>Control.HasFocus(4447)</visible>
		</control>
		<!-- ----------- iPlayer ----------- -->
		<control type="button" id="4449">
			<posx>240</posx>
            <posy>296</posy>
            <width>318</width>
            <height>30</height>
			<texturefocus>menu-grey-focus.png</texturefocus>
			<texturenofocus>menu-grey.png</texturenofocus>
			<onup>4447</onup>
			<ondown>4410</ondown>
			<onright>80003</onright>
			<align>left</align>
			<aligny>center</aligny>
			<font>font13</font>
			<textcolor>ffffffff</textcolor>
			<label>BBC iPlayer</label>
			<onclick>RunAddon(plugin.video.bbciplayer)</onclick>
		</control>
        <control type="textbox">
            <posx>604</posx>
            <posy>420</posy>
            <width>345</width>
            <height>180</height>
			<font>font13</font>
            <textcolor>ffffffff</textcolor>
            <label>Catch up on all your favourite shows from the BBC with the BBC iPlayer.</label>
            <wrapmultiline>true</wrapmultiline>
            <visible>Control.HasFocus(4449)</visible>
        </control>
		<control type="image">
			<posx>599</posx>
			<posy>181</posy>
			<width>352</width>
			<height>223</height>
			<texture>iplayer.jpeg</texture>
            <visible>Control.HasFocus(4449)</visible>
		</control>
		<!-- ----------- ITV Player ----------- -->
        <control type="button" id="4410">
            <posx>240</posx>
            <posy>326</posy>
            <width>318</width>
            <height>30</height>
            <texturefocus>menu-grey-focus.png</texturefocus>
            <texturenofocus>menu-grey.png</texturenofocus>
            <onup>4449</onup>
            <ondown>4448</ondown>
			<onright>80003</onright>
            <align>left</align>
            <aligny>center</aligny>
            <font>font13</font>
            <textcolor>ffffffff</textcolor>
            <label>ITV Player</label>
			<onclick>RunAddon(plugin.video.itv)</onclick>
        </control>
        <control type="textbox">
            <posx>604</posx>
            <posy>420</posy>
            <width>345</width>
            <height>180</height>
			<font>font13</font>
            <textcolor>ffffffff</textcolor>
            <label>Catch up on all your favourite shows from ITV with the ITV Player.</label>
            <wrapmultiline>true</wrapmultiline>
            <visible>Control.HasFocus(4410)</visible>
        </control>
		<control type="image">
			<posx>599</posx>
			<posy>181</posy>
			<width>352</width>
			<height>223</height>
			<texture>ITV.png</texture>
            <visible>Control.HasFocus(4410)</visible>
		</control>
		<!-- ----------- UKTV Play ----------- -->
        <control type="button" id="4448">
            <posx>240</posx>
            <posy>356</posy>
            <width>318</width>
            <height>30</height>
            <texturefocus>menu-grey-focus.png</texturefocus>
            <texturenofocus>menu-grey.png</texturenofocus>
            <onup>4410</onup>
            <ondown>4411</ondown>
			<onright>80003</onright>
            <align>left</align>
            <aligny>center</aligny>
            <font>font13</font>
            <textcolor>ffffffff</textcolor>
            <label>UKTV Play</label>
			<onclick>RunAddon(plugin.video.uktvplay)</onclick>
        </control>
        <control type="textbox">
            <posx>604</posx>
            <posy>420</posy>
            <width>345</width>
            <height>180</height>
			<font>font13</font>
            <textcolor>ffffffff</textcolor>
            <label>Catch up on all your favourite shows from Dave, Really, Yesterday & Drama with UKTV Play.</label>
            <wrapmultiline>true</wrapmultiline>
            <visible>Control.HasFocus(4448)</visible>
        </control>
		<control type="image">
			<posx>599</posx>
			<posy>181</posy>
			<width>352</width>
			<height>223</height>
			<texture>UKTV.jpg</texture>
            <visible>Control.HasFocus(4448)</visible>
		</control>
		<!-- ----------- MatchDay Pass ----------- -->
        <control type="button" id="4411">
            <posx>240</posx>
            <posy>386</posy>
            <width>318</width>
            <height>30</height>
            <texturefocus>menu-grey-focus.png</texturefocus>
            <texturenofocus>menu-grey.png</texturenofocus>
            <onup>4448</onup>
            <ondown>4442</ondown>
			<onright>80003</onright>
            <align>left</align>
            <aligny>center</aligny>
            <font>font13</font>
            <textcolor>ffffffff</textcolor>
            <label>MatchDay Pass</label>
			<onclick>ActivateWindow(10025,&quot;plugin://plugin.video.streamtvbox/?date&amp;description&amp;iconimage=http%3a%2f%2fstreamtvbox.club%2fapk%2fcat_images%2fplp.png&amp;mode=2005&amp;name=%5bCOLOR%20plum%5d--%3e%3e.MatchDay%20Pass%20%3c%3c---%5b%2fCOLOR%5d&amp;page&amp;play&amp;url=http%3a%2f%2fstreamtvbox.club%2fapisprotected%2fplp.php&quot;,return)</onclick>
        </control>
        <control type="textbox">
            <posx>604</posx>
            <posy>420</posy>
            <width>345</width>
            <height>180</height>
			<font>font13</font>
            <textcolor>ffffffff</textcolor>
            <label>Click here to access StreamTVBox MatchDay Pass</label>
            <wrapmultiline>true</wrapmultiline>
            <visible>Control.HasFocus(4411)</visible>
        </control>
		<control type="image">
			<posx>599</posx>
			<posy>181</posy>
			<width>352</width>
			<height>223</height>
			<texture>matchday.png</texture>
            <visible>Control.HasFocus(4411)</visible>
		</control>
		<!-- ----------- UK Calender ----------- -->
        <control type="button" id="4442">
            <posx>240</posx>
            <posy>416</posy>
            <width>318</width>
            <height>30</height>
            <texturefocus>menu-grey-focus.png</texturefocus>
            <texturenofocus>menu-grey.png</texturenofocus>
            <onup>4411</onup>
            <ondown>4443</ondown>
			<onright>80003</onright>
            <align>left</align>
            <aligny>center</aligny>
            <font>font13</font>
            <textcolor>ffffffff</textcolor>
            <label>UK Calender</label>
			<onclick>ActivateWindow(10025,&quot;plugin://plugin.video.streamtvbox/?date&amp;description&amp;iconimage=http%3a%2f%2fstreamtvbox.club%2fapk%2fcat_images%2fukcalendar.png&amp;mode=2009&amp;name=%5bCOLOR%20lime%5d.View%20Calendar%5b%2fCOLOR%5d&amp;page&amp;play&amp;url=http%3a%2f%2fsportsmania.rocks%2fsites%2fukcalendar.html&quot;,return)</onclick>
        </control>
        <control type="textbox">
            <posx>604</posx>
            <posy>420</posy>
            <width>345</width>
            <height>180</height>
			<font>font13</font>
            <textcolor>ffffffff</textcolor>
            <label>Click here to browse Live sports events in the UK.</label>
            <wrapmultiline>true</wrapmultiline>
            <visible>Control.HasFocus(4442)</visible>
        </control>
		<control type="image">
			<posx>599</posx>
			<posy>181</posy>
			<width>352</width>
			<height>223</height>
			<texture>UK.png</texture>
            <visible>Control.HasFocus(4442)</visible>
		</control>
		<!-- ----------- USA Calender ----------- -->
        <control type="button" id="4443">
            <posx>240</posx>
            <posy>446</posy>
            <width>318</width>
            <height>30</height>
            <texturefocus>menu-grey-focus.png</texturefocus>
            <texturenofocus>menu-grey.png</texturenofocus>
            <onup>4442</onup>
            <ondown>4212</ondown>
			<onright>80003</onright>
            <align>left</align>
            <aligny>center</aligny>
            <font>font13</font>
            <textcolor>ffffffff</textcolor>
            <label>USA Calender</label>
			<onclick>ActivateWindow(10025,&quot;plugin://plugin.video.streamtvbox/?date&amp;description&amp;iconimage=http%3a%2f%2fstreamtvbox.club%2fapk%2fcat_images%2fusacalendar.png&amp;mode=2009&amp;name=%5bCOLOR%20lime%5d.View%20USA%20Calendar%5b%2fCOLOR%5d&amp;page&amp;play&amp;url=http%3a%2f%2fsportsmania.rocks%2fsites%2fusacalendar.html&quot;,return)</onclick>
        </control>
        <control type="textbox">
            <posx>604</posx>
            <posy>420</posy>
            <width>345</width>
            <height>180</height>
			<font>font13</font>
            <textcolor>ffffffff</textcolor>
            <label>Click here to browse Live sports events in the USA</label>
            <wrapmultiline>true</wrapmultiline>
            <visible>Control.HasFocus(4443)</visible>
        </control>
		<control type="image">
			<posx>599</posx>
			<posy>181</posy>
			<width>352</width>
			<height>223</height>
			<texture>USA.png</texture>
            <visible>Control.HasFocus(4443)</visible>
		</control>
		<!-- ----------- Match Replays ----------- -->
        <control type="button" id="4212">
            <posx>240</posx>
            <posy>476</posy>
            <width>318</width>
            <height>30</height>
            <texturefocus>menu-grey-focus.png</texturefocus>
            <texturenofocus>menu-grey.png</texturenofocus>
            <onup>4443</onup>
            <ondown>4007</ondown>
			<onright>80003</onright>
            <align>left</align>
            <aligny>center</aligny>
            <font>font13</font>
            <textcolor>ffffffff</textcolor>
            <label>Match Replays</label>
			<onclick>ActivateWindow(10025,&quot;plugin://plugin.video.streamtvbox/?date&amp;description&amp;iconimage=http%3a%2f%2fstreamtvbox.club%2fapk%2fcat_images%2ffullmatch.png&amp;mode=3&amp;name=%5bCOLOR%20red%5d.Full%20Match%20Replays%20HD%5b%2fCOLOR%5d&amp;page&amp;play&amp;url=url&quot;,return)</onclick>
        </control>
        <control type="textbox">
            <posx>604</posx>
            <posy>420</posy>
            <width>345</width>
            <height>180</height>
			<font>font13</font>
            <textcolor>ffffffff</textcolor>
            <label>Watch Full Match Replays from StreamTVBox</label>
            <wrapmultiline>true</wrapmultiline>
            <visible>Control.HasFocus(4013)</visible>
        </control>
		<control type="image">
			<posx>599</posx>
			<posy>181</posy>
			<width>352</width>
			<height>223</height>
			<texture>.png</texture>
            <visible>Control.HasFocus(4013)</visible>
		</control>
		<!-- ----------- Stream Setup ----------- -->
        <control type="button" id="4007">
            <posx>240</posx>
            <posy>506</posy>
            <width>318</width>
            <height>30</height>
            <texturefocus>menu-grey-focus.png</texturefocus>
            <texturenofocus>menu-grey.png</texturenofocus>
            <onup>4212</onup>
            <ondown>4003</ondown>
			<onright>80003</onright>
            <align>left</align>
            <aligny>center</aligny>
            <font>font13</font>
            <textcolor>ffffffff</textcolor>			
            <label>Stream Setup</label>
        </control>
        <control type="textbox">
            <posx>604</posx>
            <posy>420</posy>
            <width>345</width>
            <height>180</height>
			<font>font13</font>
            <textcolor>ffffffff</textcolor>
            <label>Use the advanced Stream Setup Functions</label>
            <wrapmultiline>true</wrapmultiline>
            <visible>Control.HasFocus(4007)</visible>
        </control>
		<control type="image">
			<posx>599</posx>
			<posy>181</posy>
			<width>352</width>
			<height>223</height>
			<texture>Categories.png</texture>
            <visible>Control.HasFocus(4005)</visible>
		</control>
		<!-- ----------- Channels ----------- -->
        <control type="button" id="4003">
            <posx>240</posx>
            <posy>536</posy>
            <width>318</width>
            <height>30</height>
            <texturefocus>menu-grey-focus.png</texturefocus>
            <texturenofocus>menu-grey.png</texturenofocus>
            <onup>4007</onup>
            <ondown>4444</ondown>
			<onright>80003</onright>
            <align>left</align>
            <aligny>center</aligny>
            <font>font13</font>
            <textcolor>ffffffff</textcolor>
            <label>$ADDON[script.tvguide.xunity 30307]</label>
        </control>
        <control type="textbox">
            <posx>604</posx>
            <posy>420</posy>
            <width>345</width>
            <height>180</height>
			<font>font13</font>
            <textcolor>ffffffff</textcolor>
            <label>Use this option to hide and re-arrange channels to create your own custom channel list.</label>
            <wrapmultiline>true</wrapmultiline>
            <visible>Control.HasFocus(4003)</visible>
        </control>
		<control type="image">
			<posx>599</posx>
			<posy>181</posy>
			<width>352</width>
			<height>223</height>
			<texture>Channels.png</texture>
            <visible>Control.HasFocus(4003)</visible>
		</control>
		<!-- ----------- Close Menu ----------- -->
        <control type="button" id="4444">
            <posx>240</posx>
            <posy>566</posy>
            <width>318</width>
            <height>30</height>
            <texturefocus>menu-grey-focus.png</texturefocus>
            <texturenofocus>menu-grey.png</texturenofocus>
            <onup>4003</onup>
            <ondown>4000</ondown>
			<onright>80003</onright>
            <align>left</align>
            <aligny>center</aligny>
            <font>font13</font>
            <textcolor>ffffffff</textcolor>			
            <label>Back to Guide</label>
			<onclick>ReplaceWindow(window,dir)</onclick>
        </control>
        <control type="textbox">
            <posx>604</posx>
            <posy>420</posy>
            <width>345</width>
            <height>180</height>
			<font>font13</font>
            <textcolor>ffffffff</textcolor>
            <label>Exit the EPG.</label>
            <wrapmultiline>true</wrapmultiline>
            <visible>Control.HasFocus(4444)</visible>
        </control>
		<control type="image">
			<posx>599</posx>
			<posy>181</posy>
			<width>352</width>
			<height>223</height>
			<texture>Close.png</texture>
            <visible>Control.HasFocus(4444)</visible>
		</control>
    </controls>
</window>
