<?xml version="1.0" encoding="UTF-8" standalone="yes"?>
<addon id="script.tvguide.xunity" name="Xunity TV Guide" version="1.0.1" provider-name="Encode">
	<requires>
		<import addon="xbmc.python" version="2.19.0"/>
		<import addon="script.module.simplejson" version="3.3.0"/>
        <import addon="script.module.requests" version="2.9.1" />
        <import addon="script.module.dateutil" version="2.5.3" />
        <import addon="script.module.pil" />
		<import addon="script.module.addon.common" version="2.0.0"/>
		<import addon="script.module.t0mm0.common" version="2.1.1"/>
		<import addon="script.module.beautifulsoup"/>
	</requires>
 	<extension point="xbmc.python.script" library="addon.py">
		<provides>executable</provides>
    </extension>
    <extension point="xbmc.service" library="service.py" start="login"/>
	<extension point="xbmc.addon.metadata">
		<summary lang="be">Xunity TV Guide allows you to combine your favourit XunityTalk addons with a fully working EPG</summary>
		<summary lang="ca">Guia de TV amb suport de XMLTV i flux de dades</summary>
		<summary lang="da">Xunity TV Guide allows you to combine your favourit XunityTalk addons with a fully working EPG</summary>
		<summary lang="de">Renegades TV erlaubt es Ihre Live TV Plugins mit einem TV Guide zu kombinieren</summary>
		<summary lang="el">ÃŽÅ¸ÃŽÂ´ÃŽÂ·ÃŽÂ³ÃÅ’Ãâ€š ÃŽÂ¤ÃŽÂ·ÃŽÂ»ÃŽÂµÃÅ’ÃÂÃŽÂ±ÃÆ’ÃŽÂ·Ãâ€š ÃŽÂ¼ÃŽÂµ XMLTV ÃŽÂºÃŽÂ±ÃŽÂ¹ Ãâ€¦Ãâ‚¬ÃŽÂ¿ÃÆ’Ãâ€žÃŽÂ®ÃÂÃŽÂ¹ÃŽÂ¾ÃŽÂ· ÃÂÃŽÂ¿ÃÅ½ÃŽÂ½</summary>
		<summary lang="en">Xunity TV Guide allows you to combine your favourit XunityTalk addons with a fully working EPG</summary>
		<summary lang="en_US">Xunity TV Guide allows you to combine your favourit XunityTalk addons with a fully working EPG</summary>
		<summary lang="es">TV Guide con XMLTV y soporte para streaming</summary>
		<summary lang="fr">Guide TV avec support du XMLTV et du streaming</summary>
		<summary lang="fr_CA">Guide tÃƒÂ©lÃƒÂ© avec prise en charge de XMLTV et de la lecture en transit</summary>
		<summary lang="gl">GuÃƒÂ­a de TV con soporte XMLTV e transmisiÃƒÂ³ns</summary>
		<summary lang="he">Ã—Å¾Ã—â€œÃ—Â¨Ã—â„¢Ã—Å¡ Ã—ÂªÃ—â€ºÃ—Â Ã—â„¢Ã—â€¢Ã—Âª Ã—Â¢Ã—Â Ã—ÂªÃ—Å¾Ã—â„¢Ã—â€ºÃ—â€ Ã—â€˜-XMLTV Ã—â€¢Ã—â€Ã—â€“Ã—Â¨Ã—Å¾Ã—â€</summary>
		<summary lang="hr">TV vodiÃ„Â sa XMLTV podrÃ…Â¡kom i podrÃ…Â¡kom streamanja</summary>
		<summary lang="id">Panduan Siaran TV dengan dukungan XMLTV dan streaming</summary>
		<summary lang="it">Guida TV con supporto XMLTV e streaming</summary>
		<summary lang="ko">XMLTVÃ¬â„¢â‚¬ Ã¬Å Â¤Ã­Å Â¸Ã«Â¦Â¬Ã«Â°ÂÃ¬Ââ€ž Ã¬Â§â‚¬Ã¬â€ºÂÃ­â€¢ËœÃ«Å â€ TV Guide</summary>
		<summary lang="nl">TVgids met XMLTV en streaming ondersteuning</summary>
		<summary lang="pl">TV Guide obsÃ…â€šugujÃ„â€¦cy XMLTV oraz transmisjÃ„â„¢ strumieniowÃ„â€¦</summary>
		<summary lang="pt">Guia TV com suporte XMLTV e transmissÃƒÂµes</summary>
		<summary lang="pt_BR">Guia de TV com XMLTV e suporte para transmissÃƒÂ£o online</summary>
		<summary lang="sk">TV Program s podporou XMLTV a streamovania</summary>
		<summary lang="sv">TV-guide med XML-TV och strÃƒÂ¶mningsstÃƒÂ¶d</summary>
		<summary lang="zh">Ã¦â€Â¯Ã¦Å’ÂXMLTVÃ¥â€™Å’Ã¦ÂµÂÃ§Å¡â€žÃ§â€ÂµÃ¨Â§â€ Ã¦Å’â€¡Ã¥Ââ€”</summary>
		<description lang="be">Xunity TV Guide allows you to combine your favourit XunityTalk addons with a fully working EPG</description>
		<description lang="ca">Guia de TV amb suport de XMLTV i flux de dades</description>
		<description lang="da">TV Guide med XMLTV og streaming support</description>
		<description lang="de">Renegades TV erlaubt es Ihre Live TV Plugins mit einem TV Guide zu kombinieren</description>
		<description lang="el">ÃŽÅ¸ÃŽÂ´ÃŽÂ·ÃŽÂ³ÃÅ’Ãâ€š ÃŽÂ¤ÃŽÂ·ÃŽÂ»ÃŽÂµÃÅ’ÃÂÃŽÂ±ÃÆ’ÃŽÂ·Ãâ€š ÃŽÂ¼ÃŽÂµ XMLTV ÃŽÂºÃŽÂ±ÃŽÂ¹ Ãâ€¦Ãâ‚¬ÃŽÂ¿ÃÆ’Ãâ€žÃŽÂ®ÃÂÃŽÂ¹ÃŽÂ¾ÃŽÂ· ÃÂÃŽÂ¿ÃÅ½ÃŽÂ½</description>
		<description lang="en">Xunity TV Guide allows you to combine your favourit XunityTalk addons with a fully working EPG</description>
		<description lang="en_US">TXunity TV Guide allows you to combine your favourit XunityTalk addons with a fully working EPG</description>
		<description lang="es">TV Guide con XMLTV y soporte para streaming</description>
		<description lang="fr">Guide TV avec support du XMLTV et du streaming</description>
		<description lang="fr_CA">Guide tÃƒÂ©lÃƒÂ© avec prise en charge de XMLTV et de la lecture en transit</description>
		<description lang="gl">GuÃƒÂ­a de TV con soporte XMLTV e transmisiÃƒÂ³ns</description>
		<description lang="he">Ã—Å¾Ã—â€œÃ—Â¨Ã—â„¢Ã—Å¡ Ã—ÂªÃ—â€ºÃ—Â Ã—â„¢Ã—â€¢Ã—Âª Ã—Â¢Ã—Â Ã—ÂªÃ—Å¾Ã—â„¢Ã—â€ºÃ—â€ Ã—â€˜-XMLTV Ã—â€¢Ã—â€Ã—â€“Ã—Â¨Ã—Å¾Ã—â€</description>
		<description lang="hr">TV vodiÃ„Â sa XMLTV podrÃ…Â¡kom i podrÃ…Â¡kom streamanja</description>
		<description lang="id">Panduan Siaran TV dengan dukungan XMLTV dan streaming</description>
		<description lang="it">Guida TV con supporto XMLTV e streaming</description>
		<description lang="ko">XMLTVÃ¬â„¢â‚¬ Ã¬Å Â¤Ã­Å Â¸Ã«Â¦Â¬Ã«Â°ÂÃ¬Ââ€ž Ã¬Â§â‚¬Ã¬â€ºÂÃ­â€¢ËœÃ«Å â€ TV Guide</description>
		<description lang="nl">TVgids met XMLTV en streaming ondersteuning</description>
		<description lang="pl">TV Guide obsÃ…â€šugujÃ„â€¦cy XMLTV oraz transmisjÃ„â„¢ strumieniowÃ„â€¦</description>
		<description lang="pt">Guia TV com suporte XMLTV e transmissÃƒÂµes</description>
		<description lang="pt_BR">Guia de TV com XMLTV e suporte para transmissÃƒÂ£o online</description>
		<description lang="sk">TV Program s podporou XMLTV a streamovania</description>
		<description lang="sv">TV-guide med XML-TV och strÃƒÂ¶mningsstÃƒÂ¶d</description>
		<description lang="zh">Ã¦â€Â¯Ã¦Å’ÂXMLTVÃ¥â€™Å’Ã¦ÂµÂÃ§Å¡â€žÃ§â€ÂµÃ¨Â§â€ Ã¦Å’â€¡Ã¥Ââ€”</description>
		<disclaimer lang="en">Based on original code by Primaeval</disclaimer>
		<language></language>
		<platform>all</platform>
		<license>GPLv2</license>
		<forum></forum>
		<source></source>
        <website></website>
		<email></email>
	</extension>
</addon>