<?xml version="1.0" encoding="UTF-8" standalone="yes"?>
<addon id="script.tvguide.xunity" name=".[COLOR blue]X[/COLOR]unity [COLOR blue]T[/COLOR]V [COLOR blue]G[/COLOR]uide" version="1.1.0" provider-name="Encode">
    <requires>
        <import addon="xbmc.python" version="2.19.0"/>
        <import addon="script.module.simplejson" version="3.3.0"/>
        <import addon="script.module.requests" version="2.9.1" />
        <import addon="script.module.dateutil" version="2.4.2" />
        <import addon="script.module.pil" />
    </requires>
    <extension point="xbmc.python.script" library="addon.py">
            <provides>executable</provides>
    </extension>
    <extension point="xbmc.service" library="service.py" start="login"/>
    <extension point="xbmc.addon.metadata">
        <description lang="en"></description>
        <disclaimer lang="en">Based on the original code by Primaeval</disclaimer>
        <language></language>
        <platform>all</platform>
        <license>GPLv2</license>
        <forum></forum>
        <source></source>
        <website></website>
        <email>primaeval</email>
    </extension>
</addon>
